name_product;prot;fat;carb;ccal
7up;1;2;3;4
Абсент;0;0;8.8;171
Баклажаны по-корейски готовые;0;9;6.5;109
Банановый сок;0;0;12;48
Барбарис;0;0;7.9;29
Барбарис сушеный;0;0;38;152
Бедренец камнеломка;0;0;0;0
Боярышник;0;0;14;52
Боярышник сушеный;0;0;38;142
Бренди;0;0;0.5;225
Бурбон;0;0;0.4;235
Валериана;0;0;0;0
Варенье из абрикосов;0;0;62;236
Варенье из вишни;0;0;64;256
Варенье из инжира;0;0;62;236
Варенье из лимонов;0;0;60;240
Варенье из тёрна;0;0;62;248
Васаби Сэн Сой Премиум;0;9;40;241
Вермут;0;0;15.9;158
Вермут Cinzano Bianco белый;0;0;18;155
Вермут Cinzano Rose розовый;0;0;14.5;141
Вермут Martini;0;0;17;145
Вермут Martini Bianco белый;0;0;17;145
Вермут Martini Extra Dry сухой;0;0;2.5;110
Вермут Martini Rose розовый;0;0;16;140
Вермут Martini Rosso красный;0;0;15;138
Вермут Perlino Bianco белый;0;0;14;139
Вермут Perlino Rosso красный;0;0;14;139
Винный камень;0;0;0;0
Вино Asti Mondoro белое полусладкое игристое;0;0;9;78
Вино Riunite D'Oro белое полусладкое игристое;0;0;6;69
Вино Riunite Lambrusco Emilia красное полусладкое игристое;0;0;6;69
Вино Riunite Lambrusco Rose розовое полусладкое игристое;0;0;6;69
Вино белое Мускат;0;0;5;82
Вино белое Рислинг;0;0;4;80
Вино белое Совиньон;0;0;2;81
Вино белое Херес;0;0;3;126
Вино красное Бургундское;0;0;4;86
Вино красное Кагор;0;0;16;147
Вино медовое;0;0;21.3;71
Виски;0;0;0.4;235
Вода;0;0;0;0
Вода минеральная;0;0;0;0
Вода содовая;0;0;0;0
Водка;0;0;0.1;235
Глинтвейн August Weinxof;0;0;7.5;85
Глинтвейн St Lorenz;0;0;8;80
Грог;0;0;0;220
Джем вишневый;0;0;56.5;226
Джем клубничный;0;0;65;272
Джем яблочный;0;0;24;245
Джин;0;0;0;220
Джин-тоник;0;0;6.7;78
Драже жевательные Mentos;0;2;93;390
Женьшень;0;0;10;41
Жимолость;0;0;7.8;30
Жир бараний топлёный;0;99.7;0;897
Жир говяжий топлёный;0;99.7;0;897
Жир из печени трески;0;99.8;0;898
Жир кондитерский для шоколадных изделий;0;99.7;0;897
Жир кондитерский твердый;0;99.8;0;898
Жир костный топлёный;0;99.7;0;897
Жир кулинарный;0;99.7;0;897
Жир куриный;0;99.7;0;897
Жир рыбий;0;100;0;902
Жир свиной топлёный;0;99.6;0;896
Земляничный сок;0;0;10;41
Зубровка душистая;0;0;0;0
Ирга;0;0;12;45
Калина;0;0;7;26
Камфора;0;0;0;0
Карамель леденцовая;0;0.1;96.2;362
Карамель леденцовая Tunes с ароматом ментола и мяты;0;1.8;95.8;398
Карамель с ликёром;0;0.1;92.6;358
Квас Очаковский;0;0;5.5;30
Кисель из клюквы;0;0;13;53
Кисель ФрутоНяня из клюквы;0;0;11;44
Кисель ФрутоНяня из малины;0;0;11.5;46
Княженика;0;0;7;26
Коктейль Мохито;0;0;17;74
Кола;0;0;10.4;42
Кола лайт;0;0;0;0
Коньяк;0;0;0.1;239
Коньячная эссенция;0;0;0;0
Кофе по-ирландски;0;4.5;4;114
Краситель пищевой;0;0;0;0
Крахмал тапиоковый;0;0;88;360
Ксилит;0;0;97.9;367
Лаймовый сок;0;0;8.2;25
Лапша харусаме;0;0;88.1;352
Лёд колотый;0;0;0;0
Ликёр Amaretto;0;0;35;280
Ликёр Becherovka;0;0;6.4;248
Ликёр Blue Curacao;0;0;46;236
Ликёр Campari;0;0;12;112
Ликёр Cointreau;0;0;20;197
Ликёр Don Amaretto Milano;0;0;35;280
Ликёр Drambuie;0;0;40;299
Ликёр Frangelico;0;0.7;19;63
Ликёр Galliano;0;0;6.4;248
Ликер Grand Marnier;0;0;20;197
Ликёр Irish Mist;0;0;6.4;248
Ликёр Jagermeister;0;0;13.2;246
Ликёр Limoncello;0;0;30;325
Ликёр Malibu;0;0;20;197
Ликёр Maraschino;0;0;40;299
Ликёр Midori;0;0;39;140
Ликёр Sambuca;0;0;40;240
Ликёр Southern Comfort;0;0;31;112
Ликёр Vana Tallinn;0;0;39;140
Ликёр Xuxu;0;0;29;166
Лимонад;0;0;6.4;26
Лимонад диетический;0;0;0;2
Лимонная кислота;0;0;0;0
Листья алоэ;0;0;5;20
Листья вишни;0;0;0.1;1
Магический фрукт;0;0;7.7;30
Майонез Слобода на перепелиных яйцах;0;67;2.2;616
Маклюра (Адамово яблоко);0;0;0;0
Мальтоза (солодовый сахар);0;0;95.3;362
Манговый сок;0;0;13.5;54
Мармелад жевательный Fruit-tella Микс;0;0;82;354
Мармеладные дольки;0;0;86.6;318
Масло абрикосовое;0;99.9;0;899
Масло авокадо;0;100;0;884
Масло амаранта;0;81.8;0;736
Масло арахисовое;0;99.9;0;899
Масло виноградных косточек;0;99.9;0;899
Масло горчичное;0;99.8;0;898
Масло грецкого ореха;0;99.8;0;898
Масло зародышей пшеницы;0;100;0;884
Масло иланг-иланга;0;99;0;890
Масло какао;0;99.9;0;899
Масло канолы;0;99;0;898
Масло кедрового ореха;0;99;0;898
Масло кокосовое;0;99.9;0;899
Масло конопляное;0;99.9;0;899
Масло кукурузное;0;99.9;0;899
Масло кунжутное;0;99.9;0;899
Масло лимонное;0;100;0;900
Масло льняное;0;99.8;0;898
Масло маковое;0;99.8;0;898
Масло миндальное;0;90.7;0;816
Масло мускатного ореха;0;100;0.1;899
Масло облепиховое;0;99.5;0;896
Масло овсяное;0;99;0;890
Масло оливковое;0;99.8;0;898
Масло оливковое Tierras de Olivos Агро-Альянс;0;99.9;0;900
Масло ореховое;0;100;0;899
Масло пальмовое;0;99.9;0;899
Масло подсолнечное;0;99.9;0;899
Масло рапсовое;0;99.9;0;899
Масло рапсово-соевое;0;99.9;0;899
Масло растительное нерафинированное;0;99;0;899
Масло растительное рафинированное;0;99;0;899
Масло расторопши;0;98;0;889
Масло репейное;0;100;0;930
Масло сафлоровое;0;100;0;880
Масло соевое;0;99.9;0;899
Масло тыквенное;0;99.5;0;896
Масло хлопковое;0;99;0;899
Масло ши (карите);0;98;0;884
Масло шишек хмеля;0;99;0;897
Мастика сахарная;0;1;96;393
Мать-и-мачеха;0;0;0;1
Мёд искусственный;0;0;77;308
Миринда;0;0;7.5;31
Можжевельник;0;0;31;116
Морковный сок Золотая Русь экзотик;0;0;11;44
Морковь по-корейски с капустой готовая;0;9;5.3;113
Морс Агуша ягодный сбор;0;0;10;42
Морс ФрутоНяня из клюквы и малины;0;0;10;42
Морс ФрутоНяня из ягод;0;0;11.4;46
Мушмула германская;0;0;12;53
Мятная настойка;0;0;6.4;250
Мятная эссенция;0;0;0;0
Напиток 7UP Бургер Кинг;0;0;10.7;43
Напиток Aqua Minerale Active;0;0;4.5;18
Напиток BonAqua Viva;0;0;4.6;19
Напиток Mirinda Бургер Кинг;0;0;12.2;49
Напиток Nestea Vitao Белый чай со вкусом абрикоса;0;0;6.3;26
Напиток Nestea Vitao Зеленый чай со вкусом клубники и Алое Вера;0;0;7.5;32
Напиток Nestea Вкус лесных ягод;0;0;7.8;33
Напиток Nestea Вкус лимона;0;0;7.5;31
Напиток Nestea Вкус персика;0;0;6.8;29
Напиток Pepsi Бургер Кинг;0;0;10.8;43
Напиток Кока-Кола McDonalds 400 мл;0;0;42;170
Напиток кофе Бургер Кинг;0;0;0;0
Напиток Липтон Айс-Ти Зелёный McDonalds 400 мл;0;0;27;110
Напиток Липтон Айс-Ти Лимон McDonalds 400 мл;0;0;27;110
Напиток чай (зеленый и черный) Бургер Кинг;0;0;0;0
Напиток Чай чёрный/зелёный McDonalds;0;0;0;0
Нектар Бабушкино Лукошко Яблоко Груша;0;0;12;48
Нектар тыквенный Удачный;0;0;12;48
Нектар ФрутоНяня из бананов с мякотью;0;0;12;48
Нектар ФрутоНяня из яблок и вишни с мякотью;0;0;12;48
Нектар ФрутоНяня Яблоко-слива с мякотью;0;0;12;48
Огуречный рассол;0;0;0.3;12
Патока;0;0.3;78.3;296
Патока кукурузная;0;0.3;78.3;316
Пачули;0;0;0;1
Пектин;0;0;89.6;336
Пепино;0;0;20;80
Пепси;0;0;8.7;38
Перилла;0;0;0;0
Пиво Asahi Super Dry;0;0;3.1;41
Пиво BagBier;0;0;4.6;42
Пиво Bavaria Premium Pilsener;0;0;3.8;42
Пиво Bernard Cerne;0;0;4.7;48
Пиво Budweiser Budvar Original;0;0;3;44
Пиво Carlsberg;0;0;3.9;45
Пиво Efes Fusion;0;0;4.5;44
Пиво Efes Pilsener;0;0;4.7;46
Пиво Erdinger Wei?bier;0;0;2.6;44
Пиво Franziskaner;0;0;2.5;46
Пиво Franziskaner Dunkel;0;0;2.5;46
Пиво Gambrinus Premium;0;0;4.4;44
Пиво Gold Mine Beer;0;0;4.6;42
Пиво Gold Mine Beer Fresh Lemon;0;0;5.5;43
Пиво Green Beer;0;0;3.1;49
Пиво Grolsh Premium;0;0;3.1;40
Пиво Guinness Draught;0;0;3;35
Пиво Guinness Extra Stout;0;0;3;44
Пиво Hacker-Pschorr;0;0;2.7;46
Пиво Hoegaarden;0;0;3.8;45
Пиво Holsten Premium;0;0;3.2;43
Пиво Kaltenberg;0;0;4.6;42
Пиво Kilkenny красное;0;0;2.9;41
Пиво Kronenbourg 1664;0;0;4.6;44
Пиво Kronenbourg 1664 Blanc;0;0;4.2;47
Пиво Krusovice Imperial;0;0;4.4;43
Пиво Krusovice Чёрное;0;0;3.9;36
Пиво MegaBier;0;0;4.6;42
Пиво Miller Genuine Draft;0;0;3.5;45
Пиво Paulaner Hefe-Wei?bier;0;0;2.6;47
Пиво Pilsner Urquell;0;0;4.4;45
Пиво Staropramen;0;0;3.6;35
Пиво Stella Artois;0;0;4.7;46
Пиво Tuborg Black;0;0;3.3;41
Пиво Tuborg Green;0;0;4.6;42
юре Бабушкино Лукошко Абрикос;0;0;9;36
Пюре Бабушкино Лукошко Брокколи;0;0;3.3;13
Пюре Бабушкино Лукошко Груша;0;0;9.5;40
Пюре Бабушкино Лукошко Груша Яблоко;0;0;9.5;40
Пюре Бабушкино Лукошко Морковь Яблоко;0;0;12;48
Пюре Бабушкино Лукошко Тыква;0;0;4.6;18
Пюре Бабушкино Лукошко Тыква Яблоко;0;0;12.1;48
Пюре Бабушкино Лукошко Цветная капуста;0;0;4.2;17
Пюре Бабушкино Лукошко Чернослив;0;0;23.7;95
Пюре Бабушкино Лукошко Яблоко;0;0;10.8;45
Пюре Бабушкино Лукошко Яблоко Абрикос;0;0;14.1;59
Пюре Бабушкино Лукошко Яблоко Слива;0;0;13.5;54
Пюре Бабушкино Лукошко Яблоко Черника;0;0;16.9;68
Пюре из персиков;0;0;20.1;82
Пюре из фруктов;0;0;14.4;60
Пюре Спелёнок Морковь с витамином С.;0;0;7;28
Пюре Спелёнок Персик;0;0;13;52
Пюре Спелёнок Персик + Банан + Яблоко со сливками;0;1.5;16;77
Пюре Спелёнок Тыква с витамином С.;0;0;7;28
Пюре Спелёнок Яблоко со сливками;0;1.5;16;77
Пюре ФрутоНяня Витаминный салатик;0;0;15.3;61
Пюре ФрутоНяня из слив;0;0;12.3;49
Пюре ФрутоНяня из яблок. черной и красной смородины;0;0;14;56
Пюре ФрутоНяня Фруктовый салатик;0;0;13.2;53
Пюре ФрутоНяня Экзотический салатик;0;0;16.1;64
Пюре ФрутоНяня Ягодный салатик;0;0;13.9;56
Рахат-лукум Пеко Калейдоскоп;0;0;81.8;314
Рахат-лукум Пеко Мозаика;0;0;82;314
Рахат-лукум Пеко Цитрусовый;0;0;81.8;314
Розовая эссенция;0;0;0;0
Ром;0;0;0;220
Ромовая эссенция;0;0;0.4;42
Салакка;0;0;12;50
Салат из морской капусты с луком и пряностями;0;18.3;0.3;176
Сахар ванильный;0;0;98.5;394
Сахар виноградный жидкий;0;0;65;260
Сахар Мистраль Демерара тростниковый;0;0;98.5;394
Сахар Мистраль коричневый кристаллы;0;0;98.5;394
Сахар тростниковый;0;0;99.4;398
Сахарная пудра;0;0;99.8;374
Сахарозаменитель Fit Parad №1;0;0;0.2;1
Сахарозаменитель Fit Parad №7;0;0;0;0
Сахарозаменитель натуральный Эритрит со стевией;0;0;0;0
Сахар-песок;0;0;99.7;398
Сахар-рафинад;0;0;99.9;400
Сахар-сырец;0;0;95.3;362
Сироп агавы Sunny Via;0;0.5;76;310
Сироп Гренадин;0;0;66.9;268
Сироп кленовый;0;0.1;67.4;260
Сироп топинамбура Тоба;0;0;69.5;267
Сироп Черное море Лайт вкус Лесные ягоды;0;0;4;16
Смесь BSN Evotest;0;0;50;200
Смесь BSN N.O.-Xplode 2.0;0;0;44.4;178
Смесь BSN N.O.-Xplode 2.0 Caffeine Free;0;0;44.4;178
Смесь BSN Volumaize;0;0;67.8;271
Смесь Muscletech Anotest Performance;0;0;14.3;357
Смесь Muscletech Cell Tech Hardcore Pro;0;0;77;360
Смесь Muscletech Cell Tech Performance;0;0;77.6;367
Смесь Optimum Pre-Load Creatine Complex;0;0;73.7;295
Смилакс (Сассапариль);0;0;0;0
Сода пищевая;0;0;0;0
Сок Бабушкино Лукошко Яблоко Брусника;0;0;10;40
Сок Бабушкино Лукошко Яблоко Ежевика;0;0;10.8;43
Сок Бабушкино Лукошко Яблоко Черника;0;0;10.8;43
Сок киви;0;0.3;10;41
Сок овощная смесь Золотая Русь;0;0;5;20
Сок овощная смесь Тонус Active;0;0;6.2;25
Сок овощной Mr. Овощ с солью. сладким перцем и чесноком;0;0;5;20
Сок Сады Придонья Яблоко-Шиповник;0;0;11.5;46
Сок Сады Придонья Яблочно-виноградный;0;0;11.5;46
Сок Сады Придонья Яблочно-персиковый с мякотью;0;0;11.5;50
Сок Сады Придонья Яблочный из зелёных яблок;0;0;11.5;46
Сок ФрутоНяня из яблок и абрикосов с мякотью;0;0;12;48
Солодка (корень);0;0.1;93.5;375
Солодка (лакрица);0;0.1;93;375
Соль;0;0;0;0
Соль йодированная;0;0;0;0
Соль морская;0;0;0;0
Соль сванская;0;0;0;0
Соус Astoria горчичный;0;20;0;210
Соус Astoria Карри с ананасом;0;30;9.6;310
Соус карри McDonalds;0;0;12;50
Соус кетчуп McDonalds;0;0.3;6.6;27
Спагетти Ширатаки;0;0;0.6;9
Спирт этиловый 96%;0;0;3.8;710
Спред растительно-жировой Нежный;0;40;0;360
Стевия (Медовая трава);0;0;0.1;18
Стевия в таблетках;0;0;68;272
Сыр Бурата;0;35;0;330
Тамарилло;0;0;12.5;50
Тоник;0;0;8.3;34
Тыквенный сок;0;0;9;38
Уксус белый винный;0;0;5.9;14
Уксус столовый 9%;0;0;3;32
Уксус яблочный 3%;0;0;2.3;11
Уксус яблочный 5%;0;0;0.7;18
Уксус яблочный 6%;0;0;7.2;14
Уксусная эссенция 70%;0;0;0;0
Фанта;0;0;11.7;48
Фанта Вкус ананаса;0;0;12.9;52
Фруктоза;0;0;99.8;399
Цукаты из груш;0;0;91.6;343
Цукаты из папайи;0;0;81.7;327
Чай зелёный;0;0;0;0
Черничный сок;0;1;8;38
Шнапс;0;0;4;200
Энергетический напиток Adrenaline Nature;0;0;12.4;50
Энергетический напиток Burn;0;0;11.6;49
Энергетический напиток Burn Intense Energy;0;0;14.3;61
Энергетический напиток Jaguar;0;0;11.5;87
Энергетический напиток Jaguar Gold;0;0;11.4;87
Энергетический напиток Jaguar Light;0;0;11.5;79
Энергетический напиток Red Bull;0;0;11.3;45
Энергетический напиток Tiger;0;0;10.8;46
Яблочные дольки McDonalds;0;0;8;38
Желатин пищевой;87.2;0.4;0.7;355
Ананас консервированный;0.1;0.1;14;57
Ананасовый компот;0.1;0.1;14;71
Ананасовый нектар;0.1;0;12.9;54
Асафетида;0.1;0.1;0.1;0
Березовый сок;0.1;0;5.8;24
Бульон куриный постный;0.1;0;0;1
Ванилин;0.1;0.1;12.7;288
Ванильная эссенция;0.1;0.1;12.6;288
Вино белое сухое;0.1;0;0.6;66
Вино красное Кьянти;0.1;0;2.7;84
Вино красное Хванчкара;0.1;0;3;83
Вишнёвый нектар;0.1;0;12;50
Водка анисовая;0.1;0.1;0.5;225
Грушевый нектар;0.1;0.1;8.8;37
Гуавовый сок;0.1;0.1;13.9;57
Гуарана;0.1;0;6.5;26
Джем банановый;0.1;0;59.2;215
Жасмин;0.1;0;0;1
Жидкий дым;0.1;0.1;0.1;0
Карамель фруктовая;0.1;0.1;92.2;357
Кисель из сливового варенья;0.1;0;15.5;63
Кисель из сушеных яблок;0.1;0;16.3;66
Кисель из яблок;0.1;0.1;23.7;97
Клюква сушеная;0.1;1.4;76.5;308
Крахмал картофельный;0.1;0;79.6;300
Лапша рисовая Midori крупная;0.1;1.2;84.9;330
Листья смородины;0.1;0;0.1;1
Лукума;0.1;0.1;7.9;32
Мандариновый компот;0.1;0;18.1;69
Мармелад Мармеландия Лимонные дольки;0.1;0;81;326
Миндальный экстракт;0.1;0.1;0.1;0
Молоко рисовое натуральное;0.1;1.3;12.2;60
Морс брусничный;0.1;0;10.7;41
Нектариновый нектар;0.1;0;12.8;53
Нони;0.1;0.3;10;44
Овощная смесь 4 сезона Паста с лесными грибами;0.1;0.9;16;84
Перец водяной (горец перечный);0.1;0.1;0.1;1
Перец розовый горошек;0.1;0;0.1;10
Повидло грушевое;0.1;0.1;56.8;215
Пюре Gerber Банан и лесные ягоды;0.1;0.3;17.4;98
Разрыхлитель теста;0.1;0;19.6;79
Рис круглозерный шлифованный;0.1;0.4;79;350
Рис Мистраль круглозерный;0.1;0.4;79.5;355
Ролл Каруй;0.1;0.3;10.8;46
Сок нони;0.1;0.3;10;44
Соль гималайская розовая;0.1;0.1;0.7;5
Соус кисло-сладкий McDonalds;0.1;0.3;12;49
Спрайт;0.1;0;7;29
Суп 4 сезона из цветной капусты;0.1;0.1;8.4;38
Суп фруктовый из яблок;0.1;0.1;11.8;42
Алыча;0.2;0;6.9;27
Бамия 4 сезона;0.2;0.1;8;23
Бессмертник;0.2;0;5;27
Бульон овощной;0.2;0.1;0.9;5
Варенье из брусники;0.2;0.1;64.6;244
Вино белое столовое 11%;0.2;0;0.2;65
Вино красное сухое;0.2;0;0.3;68
Грейпфрутовый нектар;0.2;0;10.4;44
Грушевый компот;0.2;0;18.2;70
Драже Тик Так;0.2;0.6;96.7;397
Имбирь маринованный;0.2;0.3;12.5;51
Квас хлебный;0.2;0;5.2;27
Кисель из вишневого сока;0.2;0;18.9;78
Кисель Леовит Рецепт здоровья желудочный нейтральный;0.2;0;93.3;351
Кофе черный;0.2;0;0.3;2
Крем кондитерский;0.2;26;16.5;300
Люцерна;0.2;0.7;4;23
Масло топлёное;0.2;99;0;892
Мёд дягилевый;0.2;0;82;329
Напиток Herbalife Гидратация;0.2;0;13.2;226
Напиток Двойной Эспрессо McDonalds;0.2;0.1;0.2;3
Нектар из маракуйи;0.2;0;9.8;41
Персиковый нектар;0.2;0;9;38
Пиво светлое 1.8%;0.2;0;4.3;29
Повидло из киви;0.2;0.3;35.4;136
Пюре из груш;0.2;0;13;52
Пюре из малины;0.2;0.1;11.2;48
Пюре из манго;0.2;0.3;14;60
Пюре Спелёнок Груша с витамином С.;0.2;0;13;52
Соус барбекю McDonalds;0.2;0.3;11;48
Соус клюквенный;0.2;1;42.2;180
Соус ремулад;0.2;9;1.1;89
Соус рисовый Мирин;0.2;0.2;52.2;258
Соус хойсин;0.2;0;8.1;30
Ананасовый сок;0.3;0.1;11.4;48
Апельсиновый нектар;0.3;0;10.1;43
Брусника мочёная;0.3;0.2;5.3;24
Варенье из груши;0.3;0.2;70.8;273
Варенье из дыни;0.3;0.1;44.7;197
Варенье из земляники;0.3;0.1;58;219
Варенье из кабачков;0.3;0.1;48.9;196
Варенье из клубники;0.3;0.1;74;285
Вино красное столовое 12%;0.3;0;0.2;71
Виноградный сок;0.3;0;14;54
Гранатовый сок;0.3;0;14.5;64
Гулявник лекарственный;0.3;0;5;21
Джем мандариновый;0.3;0;70.8;276
Майонез Лёгкий;0.3;30;5.2;299
Маргарин Славянский;0.3;82;0.1;743
Маргарин столовый молочный;0.3;82;1;743
Мёд майский;0.3;0;82.4;331
Мёд цветочный;0.3;0;80.1;322
Овощи Бондюэль для супа из шампиньонов;0.3;0.3;6;22
Пастила Шармэль Йогурт;0.3;0;75;302
Пастила яблочная;0.3;0;73.5;294
Персики консервированные;0.3;0.1;14.7;68
Пиво светлое;0.3;0;4.6;42
Пиво тёмное;0.3;0;5.7;48
Повидло абрикосовое;0.3;0;64;242
Приправа Maggi Куриный бульон;0.3;2.1;9.6;59
Пудинг Dr.Oetker классический с ванильным вкусом;0.3;0;87;349
Пюре Спелёнок Яблоко с витамином С.;0.3;0;11;44
Ролл Беруто дайкон;0.3;0.4;23.4;99
Соус кисло-сладкий;0.3;0.8;39.7;167
Соус кисло-сладкий с ананасом;0.3;0.2;21.2;89
Соус яблочный;0.3;0.1;19;77
Суп Икинацу мисо;0.3;0.3;6.1;28
Айвовый компот;0.4;0;20;79
Ананас;0.4;0.2;10.6;49
Ацерола;0.4;0.3;7.7;32
Бульон рыбный;0.4;0;0;2
Варенье из айвы;0.4;0.2;70.6;273
Варенье из сливы;0.4;0.3;74.2;288
Варенье из черники;0.4;0.2;56.1;214
Варенье из черноплодной рябины;0.4;0;74.8;387
Варенье из яблок;0.4;0.3;68.2;265
Груша;0.4;0.3;10.9;42
Грушевый сок;0.4;0.3;11;46
Джем сливовый;0.4;0.3;73.2;288
Джем черничный;0.4;0.2;53.1;214
Икра из морских водорослей Здоровье (красная);0.4;2;2.5;30
Икра из морских водорослей Здоровье (черная);0.4;2.5;4;40
Кабачок консервированный;0.4;0.1;4.9;22
Кисель из кураги;0.4;0;12.9;54
Клюквенный сок;0.4;0.3;11;46
Коктейль Пина Колада;0.4;1.8;22.4;174
Лимон маринованный;0.4;0.3;6.5;21
Мармелад фруктово-ягодный;0.4;0;76.6;293
Мушмула японская;0.4;0.2;10.4;47
Напиток Кока-Кола Лайт McDonalds 400 мл;0.4;0;0;2
Напиток Спрайт McDonalds 400 мл;0.4;0;41;165
Напиток Фанта McDonalds 400 мл;0.4;0;46;185
Нектариновый сок;0.4;0;8.6;37
Нойна (Сахарное яблоко);0.4;0.4;9.8;47
Повидло яблочное;0.4;0;40;190
Подорожник;0.4;0.1;7;26
Портвейн;0.4;0;12;163
Пюре Gerber Яблоко и черника;0.4;0.4;10.1;46
Пюре из фруктов и овощей;0.4;0.1;12.2;52
Сок папайи;0.4;0.1;13.3;51
Соус Табаско перечный зелёный;0.4;0.1;2.6;13
Соус черносмородиновый;0.4;0;19.4;77
Абрикосовый компот;0.5;0;21;85
Айвовый сок;0.5;0;10.6;45
Арбуз консервированный;0.5;0.1;9;37
Бульон грибной;0.5;0.1;0;3
Варенье из персиков;0.5;0;66.8;258
Варенье из ревеня;0.5;0.5;82.4;314
Вино белое десертное 16%;0.5;0;16;153
Вино красное десертное;0.5;0;20;172
Вино красное Киндзмараули;0.5;0;20;172
Виноградный компот;0.5;0;19.7;77
Водоросль кантен;0.5;0;6.3;26
Гранадилла;0.5;0.1;8;46
Джем персиковый;0.5;0;66.8;258
Желфикс Dr.Oetker;0.5;0;0.5;313
Звёздное яблоко;0.5;0.4;15.3;67
Клетчатка Сибирская;0.5;0.5;4;40
Клюква;0.5;0;6.8;26
Клюква 4 сезона;0.5;0.2;3.9;18
Клюква Hortex;0.5;0;3.8;17
Лимон японский (Юзу);0.5;0.1;7;21
Маболо;0.5;0.4;15.3;67
Маммея;0.5;0.5;9.5;51
Манго;0.5;0.3;11.5;67
Маргарин низкокалорийный;0.5;60;0.7;545
Маргарин сливочный;0.5;82;0;745
Маргарин Экстра;0.5;82;1;744
Масло сливочное;0.5;82.5;0.8;748
Мёд гречишный;0.5;0;76.8;309
Морковь Бондюэль молодая Экстра;0.5;0.7;4.2;25
Овощная смесь 4 сезона Овощное рагу;0.5;0.1;3.8;38
Овощное рагу 4 сезона;0.5;0.1;3.8;38
Овсяная каша Hipp с абрикосами и яблоками;0.5;0.2;13;59
Пастила;0.5;0;80.8;310
Пастила Шарлиз с кусочками мармелада;0.5;0.1;83.8;312
Пастила Шармэль Ванильная;0.5;0;79;320
Пастила Шармэль Клюквенная;0.5;0;79;320
Персиковый компот;0.5;0;19.9;78
Питайя;0.5;0.3;12;50
Повидло апельсиновое;0.5;0.1;41.5;254
Повидло вишневое;0.5;0.1;95.4;250
Повидло клубничное;0.5;0.1;61.5;244
Приправа Мивина куриная;0.5;6.7;19.6;141
Пюре Gerber Яблоко с лесными ягодами;0.5;0.4;9.8;45
Пюре Бабушкино Лукошко Груша Творог;0.5;1.7;9;53
Пюре Бабушкино Лукошко Персик Творог;0.5;1.7;9;53
Пюре Бабушкино Лукошко Чернослив Творог;0.5;1.7;9;53
Пюре Бабушкино Лукошко Яблоко Творог;0.5;1.7;12;65
Пюре из клубники;0.5;0.1;14.9;60
Пюре Спелёнок Яблоко + Груша + Слива со сливками;0.5;1.5;16;77
Пюре Спелёнок Яблоко + Клубника со сливками;0.5;1.5;16;77
Пюре ФрутоНяня из яблок со сливками;0.5;1;15;71
Пюре ФрутоНяня Овощной салатик;0.5;0;5.5;24
Пюре ФрутоНяня Ягодный салатик со сливками;0.5;0.3;15.5;67
Рисовая каша ФрутоНяня безмолочная с яблоком и абрикосом;0.5;0;13;54
Саке;0.5;0;5;134
Соус наршараб;0.5;0.2;67.6;270
Айва;0.6;0.5;9.8;40
Апельсин маринованный;0.6;0;8.9;37
Арбуз;0.6;0.1;5.8;25
Арбузный сок;0.6;0.1;5.9;38
Баклажанная икра свежая;0.6;7;6;90
Бульон говяжий;0.6;0.2;0;4
Варенье из малины;0.6;0.2;70.4;273
Варенье из одуванчиков;0.6;0.1;48;191
Варенье из чёрной смородины;0.6;0.1;72.9;284
Виноград;0.6;0.2;16.8;65
Вишнёвый компот;0.6;0;24.5;99
Гуава земляничная;0.6;0.6;17.4;69
Дыня;0.6;0.3;7.4;33
Дыня медовая;0.6;0.3;7.4;33
Кабачки 4 сезона нарезанные;0.6;0.3;5.3;26
Кабачок;0.6;0.3;4.6;24
Клубничный сок;0.6;0.4;7;31
Конфеты Rondo с ароматом мяты;0.6;0;98.4;405
Кофе со сгущенным молоком и сахаром;0.6;0.6;13.6;62
Лагенария;0.6;0;3.4;15
Ликёр Kahlua;0.6;0.7;41.7;291
Майонез Махеевъ Провансаль;0.6;40;1.8;369
Майонез Махеевъ Салатный;0.6;25;1.9;235
Мангостан (мангостин);0.6;0.3;14;62
Мандарин консервированный;0.6;0.3;8.9;37
Марула;0.6;0.5;9.6;48
Мёд липовый;0.6;0;79.7;323
Морковная ботва;0.6;0.1;5.3;35
Морковный жмых;0.6;0.1;4.5;20
Морковь консервированная;0.6;0.1;3.6;23
Напиток Кофе McDonalds 200 мл;0.6;0.2;0.6;7
Облепиховый сок;0.6;3.4;4.3;52
Папайя;0.6;0.1;9.2;48
Пастила Шарлиз с ароматом ванили;0.6;0.1;83.5;313
Патиссон;0.6;0.1;4.3;19
Пиво светлое 2.8%;0.6;0;4.8;37
Пиво светлое 4.5%;0.6;0;3.8;45
Повидло сливовое;0.6;0.5;73.6;285
Помело;0.6;0.2;6.7;32
Пюре Gerber Груши Вильямс;0.6;0.2;12.3;53
Пюре Бабушкино Лукошко Яблоко Сливки;0.6;1;14;66
Пюре из кабачков;0.6;0.3;4.6;24
Пюре из яблок;0.6;0.2;19;82
Пюре Спелёнок Груша с овсянкой;0.6;1;11.5;48
Пюре Спелёнок Яблоко + 4 злака;0.6;1;11.5;48
Пюре Спелёнок Яблоко + 4 злака со сливками;0.6;1;11.5;57
Пюре ФрутоНяня из яблок и абрикосов со сливками;0.6;1;15.5;73
Рамбутан;0.6;0.2;19;82
Салат Дальневосточный готовый;0.6;3.1;7.3;59
Смородина красная;0.6;0.2;7.7;43
Соус апельсиновый;0.6;4.6;3.1;55
Соус барбекю;0.6;0.7;39.4;166
Соус сметанный с шампиньонами;0.6;14.5;9.1;169
Соус сырный McDonalds;0.6;9;1.4;89
Спаржа Бондюэль зелёная целая;0.6;1.3;2.6;24
Брусника;0.7;0.5;9.6;43
Брусника 4 сезона;0.7;0.5;8.2;40
Брусника Hortex;0.7;0.4;7.5;36
Бузина;0.7;0.5;11.4;73
Булочки Бургундские;0.7;1.7;55;266
Варенье из мандаринов;0.7;0.2;75.9;294
Варенье из облепихи;0.7;3.7;34.4;165
Вишнёвый сок;0.7;0;10.2;47
Грейпфрут;0.7;0.2;6.5;29
Гречневая каша ФрутоНяня безмолочная с яблоком;0.7;0;15;63
Джем малиновый;0.7;0.4;23.9;106
Дыня сушеная;0.7;0.1;82.2;341
Зефир Сладкие истории с ванильным вкусом;0.7;0.1;80.5;311
Инжир;0.7;0.2;13.7;49
Клубника Hortex;0.7;0.4;5.4;32
Корлан;0.7;0.2;18;82
Кофе с молоком и сахаром;0.7;1;11.2;58
Кофе со сгущенным молоком;0.7;0.9;10.9;55
Крыжовник;0.7;0.2;12;43
Масло сливочное Валио 82%;0.7;82;0.7;740
Огурец парниковый;0.7;0;1.8;10
Пастушья сумка;0.7;0.1;5.2;29
Перец кайенский;0.7;0.2;9.8;43
Перец красный молотый;0.7;0.3;4.6;21
Пирожное Корзиночка со сливками и конфитюром;0.7;18.7;48.4;365
Пюре Gerber Яблоко абрикос банан;0.7;0.1;15.5;66
Пюре из моркови;0.7;0.1;5;24
Ревень;0.7;0.1;2.5;13
Сок сельдерея;0.7;0.3;4.8;31
Соус коричневый эспаньоль;0.7;9.1;3.3;98
Соус с хреном;0.7;4.2;0.1;27
Суп рисовый с мясом;0.7;1.1;5.2;34
Вишня;0.8;0.5;11.3;52
Вишня 4 сезона без косточки;0.8;0.2;10.7;50
Джем апельсиновый;0.8;0.4;63;268
Джем брусничный;0.8;0.7;59;250
Земляника;0.8;0.4;7.5;41
Зерновая каша Hipp с фруктами;0.8;0.1;15.9;71
Зерновая каша Hipp с яблоками и бананами;0.8;0.1;14.1;64
Зефир;0.8;0;78.5;304
Йогуртное пюре Gerber с малиной и черникой;0.8;2.2;12;70
Каперсы;0.8;0.1;2.6;14
Капуста краснокочанная;0.8;0;7.6;24
Клубника;0.8;0.4;7.5;41
Клубника 4 сезона;0.8;0.1;6.6;34
Коктейль Кровавая Мэри;0.8;0.3;4.8;60
Компот из сухофруктов без сахара;0.8;0;14.2;60
Личи;0.8;0.3;14.4;65
Майонез Calve Легкий;0.8;25;6.5;254
Малина;0.8;0.5;8.3;46
Малина 4 сезона;0.8;0.5;8.3;39
Малиновый сок;0.8;0;24.7;100
Мандарин;0.8;0.2;7.5;33
Мандариновый сок;0.8;0.3;8.1;36
Маслины Бондюэль с косточкой / без косточки;0.8;10.7;6.3;115
Мёд;0.8;0;81.5;329
Мёд акациевый;0.8;0;71;288
Мёд вересковый;0.8;0;81.5;329
Мёд монофлорный;0.8;0;80.3;324
Мёд падевый;0.8;0;80.3;324
Мёд рапсовый;0.8;0;81.5;329
Мелотрия (Африканский огурец);0.8;0.1;2.5;14
Момордика (Индийский огурец);0.8;0.1;3;15
Морковь Бондюэль молодая целая;0.8;0.5;5;27
Морковь варёная;0.8;0.3;5;25
Морошка;0.8;0;9.8;28
Морская капуста;0.8;5.1;0;49
Огурец;0.8;0.1;2.8;15
Огурец китайский;0.8;0.1;2.5;14
Огурец солёный;0.8;0.1;1.7;11
Огуречный сок;0.8;0.1;2.5;14
Оливки;0.8;10.7;6.3;115
Пирожное Корзиночка с фруктами;0.8;17.3;42.5;380
Приправа Maggi Cупер весенняя зелень;0.8;2.6;11.9;75
Приправа Maggi Куриный бульон Золотой;0.8;9.9;22.7;186
Пюре из слив;0.8;0;8.4;40
Рахат-лукум;0.8;0.7;79.4;316
Салат Берендей готовый;0.8;20.2;5.2;205
Соус Моя семья к картофелю с зелёным луком;0.8;18;7.9;197
Соус Моя семья к мясу три душистых перца;0.8;18;7.9;197
Соус Моя семья к пельменям с чесноком и душистыми травами;0.8;18;7.9;197
Соус Моя семья к сосискам с горчичными семечками;0.8;18;8.9;201
Соус Табаско перечный красный;0.8;0.5;1.1;12
Соус укропный;0.8;30;8.1;309
Сыворотка творожная;0.8;0.2;3.5;20
Абрикос;0.9;0.1;9;44
Абрикосовый сок;0.9;0.1;9;38
Апельсин;0.9;0.2;8.1;36
Апельсиновый сок;0.9;0.2;8.1;36
Арракача;0.9;0.1;17.1;60
Баклажан консервированный;0.9;0.7;7.3;49
Вишня Hortex без косточки;0.9;0.4;9.9;49
Вишня замороженная;0.9;0.4;11;46
Гранат;0.9;0;13.9;52
Грейпфрутовый сок;0.9;0.2;6.5;30
Жердела;0.9;0.2;10;46
Кетчуп Heinz для гриля и шашлыка;0.9;0;23.4;97
Кетчуп Heinz острый;0.9;0;23.2;96
Кетчуп Heinz супер острый;0.9;0;23.2;96
Кетчуп Heinz томатный;0.9;0;23.1;96
Клементин;0.9;0.2;10.3;47
Конфитюр;0.9;0.2;40.3;183
Лайм;0.9;0.1;3;16
Лимон;0.9;0.1;3;16
Лимонный сок;0.9;0.1;3;16
Лук красный маринованный;0.9;0.1;2.8;19
Лук маринованный;0.9;0.1;2.8;19
Луми;0.9;0.1;3;30
Морковь пассерованная;0.9;10.2;8.5;127
Морская капуста по-корейски готовая;0.9;7.2;3.1;80
Нектарин;0.9;0.2;11.8;48
Персик;0.9;0.1;11.3;46
Персиковый сок;0.9;0.1;9.5;40
Пюре Gerber Банан;0.9;0.3;18.5;80
Пюре Gerber Груша со сливками;0.9;3;14.9;85
Пюре из абрикосов;0.9;0.1;9;38
Пюре из апельсинов;0.9;0.2;8.5;40
Пюре из вишни;0.9;0.2;10.9;57
Пюре из овощей;0.9;0.1;5.6;24
Рахат-лукум с фисташками;0.9;1;83;327
Салат Айсберг;0.9;0.1;1.8;14
Салат кочанный;0.9;0.1;1.8;14
Соус Моя семья к рыбе с маринованными огурчиками;0.9;18;7;193
Соус тартар;0.9;46;7;464
Аджика;1;3.7;5.8;59
Аки;1;15;8;151
Ассорти овощное;1;0.1;3.3;19
Бумбу;1;0.8;11.3;61
Вешенки маринованные Steinhauer;1;1.5;0;23
Голубика;1;0;8.2;35
Грузди маринованные Steinhauer;1;1.8;0;26
Зефир Сладкие истории с клубникой;1;0.1;80;310
Икра искусственная;1;5;2.6;64
Йогуртное пюре Gerber с грушей и бананом;1;3;11;90
Карамбола;1;0;7;31
Киви;1;0.6;10.3;48
Кизил;1;0;10.5;44
Конфеты Славянка Лёвушка;1;7.4;74.4;371
Кофейный напиток iCafe Iced French Vanilla Coffe;1;1.2;7.1;43
Крахмал кукурузный;1;0.6;85.2;329
Лимонник;1;0;1.9;11
Майонез Calve Экстра Легкий;1;8;10;110
Макзавтрак Хашбраун;1;8;14;135
Мармелад жевательный Haribo Berries;1;0;84;341
Масло сливочное 67%;1;67;1.6;610
Масло сливочное крестьянское несолёное 72.5%;1;72.5;1.4;662
Масло сливочное крестьянское солёное 72.5%;1;72.5;1.4;662
Мёд подсолнечный;1;0;79;320
Морковные палочки;1;0;6;29
Морковные палочки McDonalds;1;0;6;27
Морская капуста маринованная;1;5;3;61
Огурцы Бондюэль корнишоны маринованные 3-6 см;1;0.2;3.5;20
Огурцы Бондюэль маринованные 6-9 см;1;0.2;3.5;20
Пастила Шармэль Клубника со сливками;1;0;78;318
Пирожное Корзиночка с грибочками;1;27.5;54.9;461
Повидло из крыжовника;1;0;46;181
Повидло из чёрной смородины;1;0;73;284
Пюре Gerber Абрикос со сливками;1;3.5;13;90
Пюре Gerber Клубника со сливками;1;3.2;12.5;85
Пюре Gerber Морковь;1;0.2;5.1;27
Пюре Gerber Чернослив;1;0.3;16.7;74
Пюре ФрутоНяня Брокколи;1;0;4;20
Пюре ФрутоНяня из цветной капусты;1;0;4;20
Пюре ФрутоНяня из яблок и груш с творогом;1;0;17.3;73
Саго;1;0.7;85;350
Салат Витаминка готовый;1;10.1;10.8;137
Смородина чёрная;1;0.4;7.3;44
Смородина чёрная 4 сезона;1;0.2;6.1;28
Соус белый основной;1;3.8;4.1;56
Соус велюте;1;4.4;3.6;75
Соус вустерский;1;0.1;18.5;78
Соус демиглас;1;3;5;51
Соус кисло-сладкий Сэн Сой Премиум;1;0;30;124
Соус Моя семья к макаронам с сыром Чеддер;1;18.1;8.2;200
Айран (тан) газированный;1.1;1.5;1.4;24
Айран (тан) из козьего молока;1.1;1.5;1.4;24
Айран (тан) негазированный;1.1;1.5;1.4;24
Айран (тан) негазированный нежирный;1.1;0.2;1.4;12
Айран (тан) с укропом и огурцом;1.1;1;1.4;19
Айран (тан) сильногазированный;1.1;1;1.4;19
Ассорти Бондюэль из сладкого перца;1.1;0.2;4.8;25
Борщ летний холодный;1.1;2.1;6.4;49
Борщ украинский;1.1;2.2;6.7;49
Бузинный сок;1.1;0.2;5.1;27
Кабачок жареный;1.1;6;6.7;88
Кетчуп Heinz с чесноком и пряностями;1.1;0;24.1;101
Компотное ассорти Hortex с клубникой;1.1;0.3;3.2;52
Маш-салат;1.1;0;3.5;23
Морковный сок;1.1;0.1;6.4;28
Морковь по-корейски классическая готовая;1.1;8.2;10.7;121
Овощная смесь Hortex лечо;1.1;0.3;3;22
Овощная смесь Hortex рататуй;1.1;0.2;2.6;19
Пекмез финиковый;1.1;0.5;57;271
Пюре Gerber Клубника с творогом;1.1;3.4;12.5;85
Ролл Цукини маки;1.1;5.9;7.5;87
Салат Вита готовый;1.1;9;6.1;63
Салат Воскресенский готовый;1.1;10.1;4.6;114
Салат Полевой;1.1;0;3.5;23
Соус барбекю Heinz;1.1;0;28.6;119
Соус красный основной;1.1;6.2;2;48
Артишок;1.2;0.1;6;28
Баклажан;1.2;0.1;4.5;24
Брюква;1.2;0.1;7.7;37
Брюква тушеная;1.2;8.5;8.6;114
Ваниль;1.2;0.1;12.5;287
Ванильный порошок;1.2;0.1;12.5;287
Визига;1.2;0.1;6;28
Дайкон;1.2;0;4.1;21
Кабачковая икра;1.2;7;7.4;97
Капуста пекинская;1.2;0.2;2;16
Капуста савойская;1.2;0.1;6;28
Кофейный напиток iCafe Iced Mocha;1.2;1.2;9.2;52
Ликёр Mozart;1.2;7.8;34;332
Лук репчатый 4 сезона нарезанный;1.2;0.2;8.6;38
Люффа;1.2;0.2;4.4;20
Молоко имбирное;1.2;1;1.5;21
Морковь по-корейски острая готовая;1.2;9;12.9;137
Облепиха;1.2;5.4;5.7;82
Облепиха Hortex;1.2;5.4;5.7;82
Овощная смесь 4 сезона Лечо;1.2;0.1;5.3;27
Овсяная каша ФрутоНяня безмолочная с яблоками и ягодами;1.2;0;15;64
Пирожное Корзиночка с клубничкой;1.2;22.4;55.8;434
Плуот;1.2;0.1;11;57
Приправа Maggi Душистый пучок;1.2;5.4;14.2;111
Приправа Maggi Куриный бульон с овощами и зеленью;1.2;9.7;25.5;194
Пюре Gerber Банан со сливками;1.2;3.2;13.5;90
Пюре Gerber Персик со сливками;1.2;3.2;13.5;90
Редис;1.2;0.1;3.4;19
Редька красная;1.2;0.1;3.4;20
Редька маргеланская (китайская);1.2;0;4.1;21
Салат;1.2;0.3;1.3;12
